ticker,company_name,ds,y
AAPL,APPLE INC,2018-09-30,25.2
AAPL,APPLE INC,2018-12-31,13.17
AAPL,APPLE INC,2019-03-31,11.45
AAPL,APPLE INC,2019-06-30,17.96
AAPL,APPLE INC,2019-09-30,213.88
AAPL,APPLE INC,2019-12-31,13.58
AAPL,APPLE INC,2020-03-31,12.51
AAPL,APPLE INC,2020-06-30,170.6
AAPL,APPLE INC,2020-09-30,40.31
AAPL,APPLE INC,2020-12-31,8.68
AAPL,APPLE INC,2021-03-31,20.81
AAPL,APPLE INC,2021-06-30,6.46
AAPL,APPLE INC,2021-09-30,297.39
AAPL,APPLE INC,2021-12-31,104.43
AAPL,APPLE INC,2022-03-31,181.89
AAPL,APPLE INC,2022-06-30,19.29
AAPL,APPLE INC,2022-09-30,29.38
AAPL,APPLE INC,2022-12-31,20.77
AAPL,APPLE INC,2023-03-31,211.99
AAPL,APPLE INC,2023-06-30,71.83
AAPL,APPLE INC,2023-09-30,200.58
AAPL,APPLE INC,2023-12-31,7.02
AAPL,APPLE INC,2024-03-31,23.87
AAPL,APPLE INC,2024-06-30,224.91
AAPL,APPLE INC,2024-09-30,181.89
AAPL,APPLE INC,2024-12-31,33.86
AAPL,APPLE INC,2025-03-31,7.95
AAPL,APPLE INC,2025-06-30,41.2
AAPL,APPLE INC,2025-09-30,64.38
AAPL,APPLE INC,2025-12-31,143.76
AAPL,APPLE INC,2026-03-31,19.39
ABBV,ABBVIE INC.,2017-12-31,28.22
ABBV,ABBVIE INC.,2018-03-31,7.93
ABBV,ABBVIE INC.,2018-06-30,8.28
ABBV,ABBVIE INC.,2018-09-30,8.24
ABBV,ABBVIE INC.,2018-12-31,32.75
ABBV,ABBVIE INC.,2019-03-31,7.83
ABBV,ABBVIE INC.,2019-06-30,8.26
ABBV,ABBVIE INC.,2019-09-30,8.48
ABBV,ABBVIE INC.,2019-12-31,33.27
ABBV,ABBVIE INC.,2020-03-31,8.62
ABBV,ABBVIE INC.,2020-06-30,10.42
ABBV,ABBVIE INC.,2020-09-30,12.9
ABBV,ABBVIE INC.,2020-12-31,45.8
ABBV,ABBVIE INC.,2021-03-31,13.01
ABBV,ABBVIE INC.,2021-06-30,26.97
ABBV,ABBVIE INC.,2021-09-30,14.34
ABBV,ABBVIE INC.,2021-12-31,14.89
ABBV,ABBVIE INC.,2022-03-31,13.54
ABBV,ABBVIE INC.,2022-06-30,28.12
ABBV,ABBVIE INC.,2022-09-30,42.93
ABBV,ABBVIE INC.,2022-12-31,58.05
ABBV,ABBVIE INC.,2023-03-31,12.22
ABBV,ABBVIE INC.,2023-06-30,13.86
ABBV,ABBVIE INC.,2023-09-30,40.02
ABBV,ABBVIE INC.,2023-12-31,14.3
ABBV,ABBVIE INC.,2024-03-31,12.31
ABBV,ABBVIE INC.,2024-06-30,14.46
ABBV,ABBVIE INC.,2024-09-30,14.46
ABBV,ABBVIE INC.,2024-12-31,56.33
ABBV,ABBVIE INC.,2025-03-31,13.34
ABBV,ABBVIE INC.,2025-06-30,28.77
ABBV,ABBVIE INC.,2025-09-30,44.54
ABBV,ABBVIE INC.,2025-12-31,61.16
AMD,ADVANCED MICRO DEVICES INC,2017-12-31,2.28
AMD,ADVANCED MICRO DEVICES INC,2018-03-31,1.65
AMD,ADVANCED MICRO DEVICES INC,2018-06-30,1.76
AMD,ADVANCED MICRO DEVICES INC,2018-09-30,1.65
AMD,ADVANCED MICRO DEVICES INC,2018-12-31,0.47
AMD,ADVANCED MICRO DEVICES INC,2019-03-31,1.27
AMD,ADVANCED MICRO DEVICES INC,2019-06-30,1.53
AMD,ADVANCED MICRO DEVICES INC,2019-09-30,4.6
AMD,ADVANCED MICRO DEVICES INC,2019-12-31,1.76
AMD,ADVANCED MICRO DEVICES INC,2020-03-31,1.79
AMD,ADVANCED MICRO DEVICES INC,2020-06-30,1.93
AMD,ADVANCED MICRO DEVICES INC,2020-09-30,1.67
AMD,ADVANCED MICRO DEVICES INC,2020-12-31,1.1
AMD,ADVANCED MICRO DEVICES INC,2021-03-31,1.34
AMD,ADVANCED MICRO DEVICES INC,2021-06-30,7.3
AMD,ADVANCED MICRO DEVICES INC,2021-09-30,1.69
AMD,ADVANCED MICRO DEVICES INC,2021-12-31,5.61
AMD,ADVANCED MICRO DEVICES INC,2022-03-31,5.89
AMD,ADVANCED MICRO DEVICES INC,2022-06-30,1.26
AMD,ADVANCED MICRO DEVICES INC,2022-09-30,18.0
AMD,ADVANCED MICRO DEVICES INC,2022-12-31,6.2
AMD,ADVANCED MICRO DEVICES INC,2023-03-31,1.76
AMD,ADVANCED MICRO DEVICES INC,2023-06-30,1.58
AMD,ADVANCED MICRO DEVICES INC,2023-09-30,1.45
AMD,ADVANCED MICRO DEVICES INC,2023-12-31,1.84
AMD,ADVANCED MICRO DEVICES INC,2024-03-31,0.85
AMD,ADVANCED MICRO DEVICES INC,2024-06-30,5.84
AMD,ADVANCED MICRO DEVICES INC,2024-09-30,8.72
AMD,ADVANCED MICRO DEVICES INC,2024-12-31,1.77
AMD,ADVANCED MICRO DEVICES INC,2025-03-31,2.29
AMD,ADVANCED MICRO DEVICES INC,2025-06-30,6.91
AMD,ADVANCED MICRO DEVICES INC,2025-09-30,7.54
AMD,ADVANCED MICRO DEVICES INC,2025-12-31,6.06
AMD,ADVANCED MICRO DEVICES INC,2026-03-31,0.87
AMZN,AMAZON COM INC,2017-12-31,31.88
AMZN,AMAZON COM INC,2018-03-31,51.04
AMZN,AMAZON COM INC,2018-06-30,52.89
AMZN,AMAZON COM INC,2018-09-30,56.58
AMZN,AMAZON COM INC,2018-12-31,10.11
AMZN,AMAZON COM INC,2019-03-31,59.7
AMZN,AMAZON COM INC,2019-06-30,63.4
AMZN,AMAZON COM INC,2019-09-30,69.98
AMZN,AMAZON COM INC,2019-12-31,17.53
AMZN,AMAZON COM INC,2020-03-31,33.61
AMZN,AMAZON COM INC,2020-06-30,11.57
AMZN,AMAZON COM INC,2020-09-30,25.17
AMZN,AMAZON COM INC,2020-12-31,16.23
AMZN,AMAZON COM INC,2021-03-31,30.65
AMZN,AMAZON COM INC,2021-06-30,48.79
AMZN,AMAZON COM INC,2021-09-30,49.94
AMZN,AMAZON COM INC,2021-12-31,103.37
AMZN,AMAZON COM INC,2022-03-31,4.59
AMZN,AMAZON COM INC,2022-06-30,74.43
AMZN,AMAZON COM INC,2022-09-30,26.03
AMZN,AMAZON COM INC,2022-12-31,30.07
AMZN,AMAZON COM INC,2023-03-31,21.35
AMZN,AMAZON COM INC,2023-06-30,22.14
AMZN,AMAZON COM INC,2023-09-30,225.64
AMZN,AMAZON COM INC,2023-12-31,231.87
AMZN,AMAZON COM INC,2024-03-31,25.04
AMZN,AMAZON COM INC,2024-06-30,10.87
AMZN,AMAZON COM INC,2024-09-30,91.28
AMZN,AMAZON COM INC,2024-12-31,40.86
AMZN,AMAZON COM INC,2025-03-31,1.31
AMZN,AMAZON COM INC,2025-06-30,30.87
AMZN,AMAZON COM INC,2025-09-30,12.57
AMZN,AMAZON COM INC,2025-12-31,22.56
AMZN,AMAZON COM INC,2026-03-31,41.58
AVGO,BROADCOM INC.,2018-10-31,19.07
AVGO,BROADCOM INC.,2019-01-31,5.79
AVGO,BROADCOM INC.,2019-04-30,0.44
AVGO,BROADCOM INC.,2019-07-31,4.01
AVGO,BROADCOM INC.,2019-10-31,4.48
AVGO,BROADCOM INC.,2020-01-31,0.31
AVGO,BROADCOM INC.,2020-04-30,0.35
AVGO,BROADCOM INC.,2020-07-31,3.39
AVGO,BROADCOM INC.,2020-10-31,17.27
AVGO,BROADCOM INC.,2021-01-31,4.91
AVGO,BROADCOM INC.,2021-04-30,9.73
AVGO,BROADCOM INC.,2021-07-31,0.37
AVGO,BROADCOM INC.,2021-10-31,20.89
AVGO,BROADCOM INC.,2022-01-31,6.05
AVGO,BROADCOM INC.,2022-04-30,5.26
AVGO,BROADCOM INC.,2022-07-31,5.5
AVGO,BROADCOM INC.,2022-10-31,11.64
AVGO,BROADCOM INC.,2023-01-31,1.23
AVGO,BROADCOM INC.,2023-04-30,0.82
AVGO,BROADCOM INC.,2023-07-31,4.12
AVGO,BROADCOM INC.,2023-10-31,0.66
AVGO,BROADCOM INC.,2024-01-31,6.19
AVGO,BROADCOM INC.,2024-04-30,1.18
AVGO,BROADCOM INC.,2024-07-31,1.76
AVGO,BROADCOM INC.,2024-10-31,3.19
AVGO,BROADCOM INC.,2025-01-31,1.84
AVGO,BROADCOM INC.,2025-04-30,4.45
AVGO,BROADCOM INC.,2025-07-31,12.28
AVGO,BROADCOM INC.,2025-10-31,44.85
AVGO,BROADCOM INC.,2026-04-30,10.48
BA,BOEING CO,2017-12-31,83.74
BA,BOEING CO,2018-03-31,23.38
BA,BOEING CO,2018-06-30,24.26
BA,BOEING CO,2018-09-30,25.15
BA,BOEING CO,2018-12-31,13.76
BA,BOEING CO,2019-03-31,2.69
BA,BOEING CO,2019-09-30,19.98
BA,BOEING CO,2019-12-31,66.09
BA,BOEING CO,2020-06-30,0.07
BA,BOEING CO,2020-09-30,0.2
BA,BOEING CO,2021-03-31,7.18
BA,BOEING CO,2021-06-30,0.14
BA,BOEING CO,2021-09-30,15.28
BA,BOEING CO,2021-12-31,19.49
BA,BOEING CO,2022-03-31,4.19
BA,BOEING CO,2022-06-30,14.01
BA,BOEING CO,2022-09-30,15.96
BA,BOEING CO,2022-12-31,1.61
BA,BOEING CO,2023-12-31,12.21
BA,BOEING CO,2024-03-31,4.65
BA,BOEING CO,2024-06-30,0.2
BA,BOEING CO,2024-09-30,5.54
BA,BOEING CO,2024-12-31,4.64
BA,BOEING CO,2025-03-31,0.1
BA,BOEING CO,2025-06-30,22.75
BA,BOEING CO,2025-12-31,1.59
BA,BOEING CO,2026-03-31,3.22
BAC,BANK OF AMERICA CORP /DE/,2017-12-31,87.13
BAC,BANK OF AMERICA CORP /DE/,2018-12-31,91.02
BAC,BANK OF AMERICA CORP /DE/,2019-03-31,23.0
BAC,BANK OF AMERICA CORP /DE/,2019-12-31,37.4
BAC,BANK OF AMERICA CORP /DE/,2020-12-31,19.04
BAC,BANK OF AMERICA CORP /DE/,2021-06-30,44.29
BAC,BANK OF AMERICA CORP /DE/,2021-12-31,89.11
BAC,BANK OF AMERICA CORP /DE/,2022-06-30,45.92
BAC,BANK OF AMERICA CORP /DE/,2022-12-31,34.47
BAC,BANK OF AMERICA CORP /DE/,2023-09-30,0.03
BAC,BANK OF AMERICA CORP /DE/,2023-12-31,85.57
BAC,BANK OF AMERICA CORP /DE/,2024-03-31,25.82
BAC,BANK OF AMERICA CORP /DE/,2024-12-31,6.5
BAC,BANK OF AMERICA CORP /DE/,2025-03-31,27.37
BAC,BANK OF AMERICA CORP /DE/,2025-06-30,53.83
BAC,BANK OF AMERICA CORP /DE/,2025-09-30,28.09
BAC,BANK OF AMERICA CORP /DE/,2025-12-31,6.0
BAC,BANK OF AMERICA CORP /DE/,2026-03-31,30.27
BRK.B,BERKSHIRE HATHAWAY ENERGY CO,2015-12-31,5.23
BRK.B,BERKSHIRE HATHAWAY ENERGY CO,2016-12-31,5.2
BRK.B,BERKSHIRE HATHAWAY ENERGY CO,2018-03-31,0.4
BRK.B,BERKSHIRE HATHAWAY ENERGY CO,2018-06-30,0.02
BRK.B,BERKSHIRE HATHAWAY ENERGY CO,2018-09-30,0.22
BRK.B,BERKSHIRE HATHAWAY ENERGY CO,2018-12-31,3.05
BRK.B,BERKSHIRE HATHAWAY ENERGY CO,2019-03-31,0.3
BRK.B,BERKSHIRE HATHAWAY ENERGY CO,2019-09-30,3.79
BRK.B,BERKSHIRE HATHAWAY ENERGY CO,2019-12-31,18.11
BRK.B,BERKSHIRE HATHAWAY ENERGY CO,2020-03-31,0.22
BRK.B,BERKSHIRE HATHAWAY ENERGY CO,2020-09-30,1.72
BRK.B,BERKSHIRE HATHAWAY ENERGY CO,2020-12-31,2.73
BRK.B,BERKSHIRE HATHAWAY ENERGY CO,2021-03-31,1.23
BRK.B,BERKSHIRE HATHAWAY ENERGY CO,2021-09-30,1.74
BRK.B,BERKSHIRE HATHAWAY ENERGY CO,2021-12-31,0.72
BRK.B,BERKSHIRE HATHAWAY ENERGY CO,2022-03-31,0.05
BRK.B,BERKSHIRE HATHAWAY ENERGY CO,2022-06-30,0.57
BRK.B,BERKSHIRE HATHAWAY ENERGY CO,2022-09-30,4.28
BRK.B,BERKSHIRE HATHAWAY ENERGY CO,2022-12-31,1.74
BRK.B,BERKSHIRE HATHAWAY ENERGY CO,2023-03-31,0.33
BRK.B,BERKSHIRE HATHAWAY ENERGY CO,2023-06-30,0.1
BRK.B,BERKSHIRE HATHAWAY ENERGY CO,2023-09-30,0.52
BRK.B,BERKSHIRE HATHAWAY ENERGY CO,2023-12-31,21.28
BRK.B,BERKSHIRE HATHAWAY ENERGY CO,2024-03-31,0.32
BRK.B,BERKSHIRE HATHAWAY ENERGY CO,2024-06-30,1.2
BRK.B,BERKSHIRE HATHAWAY ENERGY CO,2024-09-30,1.15
BRK.B,BERKSHIRE HATHAWAY ENERGY CO,2024-12-31,2.58
BRK.B,BERKSHIRE HATHAWAY ENERGY CO,2025-06-30,0.46
BRK.B,BERKSHIRE HATHAWAY ENERGY CO,2025-09-30,1.18
BRK.B,BERKSHIRE HATHAWAY ENERGY CO,2026-03-31,0.86
C,CITIGROUP INC,2017-12-31,14.6
C,CITIGROUP INC,2018-03-31,18.87
C,CITIGROUP INC,2018-06-30,18.47
C,CITIGROUP INC,2018-09-30,18.39
C,CITIGROUP INC,2018-12-31,20.9
C,CITIGROUP INC,2019-03-31,10.02
C,CITIGROUP INC,2019-06-30,16.02
C,CITIGROUP INC,2019-09-30,12.1
C,CITIGROUP INC,2019-12-31,21.86
C,CITIGROUP INC,2020-03-31,4.4
C,CITIGROUP INC,2020-06-30,8.5
C,CITIGROUP INC,2020-09-30,3.1
C,CITIGROUP INC,2020-12-31,13.4
C,CITIGROUP INC,2021-03-31,7.04
C,CITIGROUP INC,2021-06-30,7.9
C,CITIGROUP INC,2021-09-30,11.06
C,CITIGROUP INC,2021-12-31,7.78
C,CITIGROUP INC,2022-03-31,3.45
C,CITIGROUP INC,2022-06-30,19.64
C,CITIGROUP INC,2022-09-30,2.55
C,CITIGROUP INC,2022-12-31,7.1
C,CITIGROUP INC,2023-03-31,3.23
C,CITIGROUP INC,2023-06-30,5.96
C,CITIGROUP INC,2023-09-30,1.37
C,CITIGROUP INC,2023-12-31,39.55
C,CITIGROUP INC,2024-03-31,1.69
C,CITIGROUP INC,2024-06-30,1.98
C,CITIGROUP INC,2024-09-30,0.02
C,CITIGROUP INC,2024-12-31,19.84
C,CITIGROUP INC,2025-03-31,4.57
C,CITIGROUP INC,2025-06-30,43.26
C,CITIGROUP INC,2025-09-30,4.68
C,CITIGROUP INC,2025-12-31,44.01
CAT,CATERPILLAR INC,2017-12-31,45.46
CAT,CATERPILLAR INC,2018-03-31,0.71
CAT,CATERPILLAR INC,2018-06-30,0.73
CAT,CATERPILLAR INC,2018-09-30,12.76
CAT,CATERPILLAR INC,2018-12-31,0.24
CAT,CATERPILLAR INC,2019-03-31,0.74
CAT,CATERPILLAR INC,2019-06-30,2.38
CAT,CATERPILLAR INC,2019-09-30,11.97
CAT,CATERPILLAR INC,2020-03-31,9.91
CAT,CATERPILLAR INC,2020-06-30,0.03
CAT,CATERPILLAR INC,2020-09-30,0.06
CAT,CATERPILLAR INC,2021-03-31,5.44
CAT,CATERPILLAR INC,2021-06-30,1.54
CAT,CATERPILLAR INC,2021-09-30,0.33
CAT,CATERPILLAR INC,2022-03-31,0.07
CAT,CATERPILLAR INC,2022-09-30,0.25
CAT,CATERPILLAR INC,2023-03-31,1.31
CAT,CATERPILLAR INC,2023-06-30,1.82
CAT,CATERPILLAR INC,2024-03-31,0.66
CAT,CATERPILLAR INC,2024-06-30,0.06
CAT,CATERPILLAR INC,2024-09-30,3.21
CAT,CATERPILLAR INC,2025-06-30,0.21
CAT,CATERPILLAR INC,2025-09-30,1.15
CAT,CATERPILLAR INC,2025-12-31,11.28
CAT,CATERPILLAR INC,2026-03-31,16.47
COP,CONOCOPHILLIPS,2017-12-31,1.45
COP,CONOCOPHILLIPS,2018-12-31,1.8
COP,CONOCOPHILLIPS,2019-03-31,4.14
COP,CONOCOPHILLIPS,2019-06-30,0.52
COP,CONOCOPHILLIPS,2019-09-30,3.46
COP,CONOCOPHILLIPS,2019-12-31,0.69
COP,CONOCOPHILLIPS,2020-03-31,1.66
COP,CONOCOPHILLIPS,2020-06-30,1.33
COP,CONOCOPHILLIPS,2020-09-30,0.36
COP,CONOCOPHILLIPS,2021-03-31,0.34
COP,CONOCOPHILLIPS,2021-06-30,15.02
COP,CONOCOPHILLIPS,2021-09-30,3.27
COP,CONOCOPHILLIPS,2021-12-31,45.83
COP,CONOCOPHILLIPS,2022-03-31,9.87
COP,CONOCOPHILLIPS,2022-06-30,0.65
COP,CONOCOPHILLIPS,2022-09-30,1.35
COP,CONOCOPHILLIPS,2022-12-31,26.94
COP,CONOCOPHILLIPS,2023-03-31,0.26
COP,CONOCOPHILLIPS,2023-06-30,0.03
COP,CONOCOPHILLIPS,2023-09-30,28.32
COP,CONOCOPHILLIPS,2023-12-31,57.98
COP,CONOCOPHILLIPS,2024-03-31,1.46
COP,CONOCOPHILLIPS,2024-06-30,1.88
COP,CONOCOPHILLIPS,2024-12-31,5.79
COP,CONOCOPHILLIPS,2025-03-31,0.19
COP,CONOCOPHILLIPS,2025-09-30,1.58
COP,CONOCOPHILLIPS,2025-12-31,8.85
COP,CONOCOPHILLIPS,2026-03-31,2.5
COST,COSTCO WHOLESALE CORP /NEW,2018-08-31,25.48
COST,COSTCO WHOLESALE CORP /NEW,2018-11-30,34.31
COST,COSTCO WHOLESALE CORP /NEW,2019-02-28,5.77
COST,COSTCO WHOLESALE CORP /NEW,2019-04-30,17.28
COST,COSTCO WHOLESALE CORP /NEW,2019-08-31,16.59
COST,COSTCO WHOLESALE CORP /NEW,2019-11-30,37.04
COST,COSTCO WHOLESALE CORP /NEW,2020-02-29,76.11
COST,COSTCO WHOLESALE CORP /NEW,2020-04-30,113.38
COST,COSTCO WHOLESALE CORP /NEW,2020-08-31,44.81
COST,COSTCO WHOLESALE CORP /NEW,2021-01-31,15.64
COST,COSTCO WHOLESALE CORP /NEW,2021-04-30,6.3
COST,COSTCO WHOLESALE CORP /NEW,2021-08-31,195.93
COST,COSTCO WHOLESALE CORP /NEW,2022-01-31,100.35
COST,COSTCO WHOLESALE CORP /NEW,2022-04-30,43.08
COST,COSTCO WHOLESALE CORP /NEW,2022-08-31,61.1
COST,COSTCO WHOLESALE CORP /NEW,2023-01-31,107.68
COST,COSTCO WHOLESALE CORP /NEW,2023-04-30,21.3
COST,COSTCO WHOLESALE CORP /NEW,2023-08-31,31.98
COST,COSTCO WHOLESALE CORP /NEW,2024-02-29,15.32
COST,COSTCO WHOLESALE CORP /NEW,2024-04-30,23.21
COST,COSTCO WHOLESALE CORP /NEW,2024-08-31,249.62
COST,COSTCO WHOLESALE CORP /NEW,2025-02-28,125.87
COST,COSTCO WHOLESALE CORP /NEW,2025-04-30,185.48
COST,COSTCO WHOLESALE CORP /NEW,2025-08-31,109.56
COST,COSTCO WHOLESALE CORP /NEW,2026-01-31,24.63
COST,COSTCO WHOLESALE CORP /NEW,2026-04-30,203.37
CRM,"SALESFORCE, INC.",2018-01-31,1.91
CRM,"SALESFORCE, INC.",2018-04-30,3.01
CRM,"SALESFORCE, INC.",2018-07-31,3.28
CRM,"SALESFORCE, INC.",2018-10-31,3.39
CRM,"SALESFORCE, INC.",2019-01-31,1.28
CRM,"SALESFORCE, INC.",2019-04-30,3.5
CRM,"SALESFORCE, INC.",2019-07-31,1.13
CRM,"SALESFORCE, INC.",2019-10-31,0.64
CRM,"SALESFORCE, INC.",2020-01-31,12.05
CRM,"SALESFORCE, INC.",2020-04-30,4.58
CRM,"SALESFORCE, INC.",2020-07-31,0.75
CRM,"SALESFORCE, INC.",2020-10-31,1.31
CRM,"SALESFORCE, INC.",2021-01-31,2.95
CRM,"SALESFORCE, INC.",2021-04-30,0.57
CRM,"SALESFORCE, INC.",2021-07-31,1.88
CRM,"SALESFORCE, INC.",2021-10-31,19.17
CRM,"SALESFORCE, INC.",2022-01-31,1.84
CRM,"SALESFORCE, INC.",2022-04-30,7.41
CRM,"SALESFORCE, INC.",2022-07-31,2.9
CRM,"SALESFORCE, INC.",2022-10-31,15.59
CRM,"SALESFORCE, INC.",2023-01-31,31.35
CRM,"SALESFORCE, INC.",2023-04-30,0.81
CRM,"SALESFORCE, INC.",2023-07-31,8.6
CRM,"SALESFORCE, INC.",2023-10-31,4.89
CRM,"SALESFORCE, INC.",2024-01-31,8.24
CRM,"SALESFORCE, INC.",2024-04-30,1.4
CRM,"SALESFORCE, INC.",2024-07-31,1.11
CRM,"SALESFORCE, INC.",2024-10-31,2.86
CRM,"SALESFORCE, INC.",2025-01-31,2.22
CRM,"SALESFORCE, INC.",2025-04-30,1.02
CRM,"SALESFORCE, INC.",2025-07-31,6.74
CRM,"SALESFORCE, INC.",2025-10-31,0.53
CRM,"SALESFORCE, INC.",2026-01-31,9.03
CRM,"SALESFORCE, INC.",2026-04-30,10.59
CSCO,"CISCO SYSTEMS, INC.",2018-07-31,49.33
CSCO,"CISCO SYSTEMS, INC.",2018-10-31,13.07
CSCO,"CISCO SYSTEMS, INC.",2019-01-31,0.68
CSCO,"CISCO SYSTEMS, INC.",2019-04-30,22.8
CSCO,"CISCO SYSTEMS, INC.",2019-07-31,13.1
CSCO,"CISCO SYSTEMS, INC.",2019-10-31,13.16
CSCO,"CISCO SYSTEMS, INC.",2020-01-31,8.67
CSCO,"CISCO SYSTEMS, INC.",2020-04-30,10.0
CSCO,"CISCO SYSTEMS, INC.",2020-07-31,26.1
CSCO,"CISCO SYSTEMS, INC.",2020-10-31,1.77
CSCO,"CISCO SYSTEMS, INC.",2021-01-31,1.68
CSCO,"CISCO SYSTEMS, INC.",2021-04-30,9.65
CSCO,"CISCO SYSTEMS, INC.",2021-07-31,7.71
CSCO,"CISCO SYSTEMS, INC.",2021-10-31,0.18
CSCO,"CISCO SYSTEMS, INC.",2022-01-31,3.37
CSCO,"CISCO SYSTEMS, INC.",2022-04-30,0.54
CSCO,"CISCO SYSTEMS, INC.",2022-07-31,23.83
CSCO,"CISCO SYSTEMS, INC.",2022-10-31,1.09
CSCO,"CISCO SYSTEMS, INC.",2023-01-31,0.94
CSCO,"CISCO SYSTEMS, INC.",2023-04-30,0.96
CSCO,"CISCO SYSTEMS, INC.",2023-07-31,11.93
CSCO,"CISCO SYSTEMS, INC.",2023-10-31,0.19
CSCO,"CISCO SYSTEMS, INC.",2024-01-31,15.9
CSCO,"CISCO SYSTEMS, INC.",2024-04-30,10.77
CSCO,"CISCO SYSTEMS, INC.",2024-07-31,4.11
CSCO,"CISCO SYSTEMS, INC.",2024-10-31,7.4
CSCO,"CISCO SYSTEMS, INC.",2025-01-31,7.44
CSCO,"CISCO SYSTEMS, INC.",2025-04-30,11.26
CSCO,"CISCO SYSTEMS, INC.",2025-07-31,33.66
CSCO,"CISCO SYSTEMS, INC.",2025-10-31,4.5
CSCO,"CISCO SYSTEMS, INC.",2026-01-31,0.55
CSCO,"CISCO SYSTEMS, INC.",2026-04-30,10.22
CVX,CHEVRON CORP,2018-12-31,107.94
CVX,CHEVRON CORP,2019-06-30,16.38
CVX,CHEVRON CORP,2019-09-30,7.21
CVX,CHEVRON CORP,2019-12-31,35.63
CVX,CHEVRON CORP,2020-03-31,2.19
CVX,CHEVRON CORP,2020-06-30,4.66
CVX,CHEVRON CORP,2020-12-31,94.47
CVX,CHEVRON CORP,2021-03-31,2.75
CVX,CHEVRON CORP,2021-09-30,31.48
CVX,CHEVRON CORP,2021-12-31,40.92
CVX,CHEVRON CORP,2022-03-31,52.31
CVX,CHEVRON CORP,2022-06-30,7.82
CVX,CHEVRON CORP,2022-09-30,142.41
CVX,CHEVRON CORP,2023-03-31,19.39
CVX,CHEVRON CORP,2023-09-30,113.82
CVX,CHEVRON CORP,2024-03-31,0.12
CVX,CHEVRON CORP,2024-06-30,49.57
CVX,CHEVRON CORP,2024-09-30,0.12
CVX,CHEVRON CORP,2024-12-31,80.42
CVX,CHEVRON CORP,2025-03-31,11.52
CVX,CHEVRON CORP,2025-06-30,0.03
CVX,CHEVRON CORP,2025-09-30,107.3
CVX,CHEVRON CORP,2026-03-31,6.12
DIS,WALT DISNEY CO,2018-09-30,5.53
DIS,WALT DISNEY CO,2018-12-31,0.03
DIS,WALT DISNEY CO,2019-03-31,0.15
DIS,WALT DISNEY CO,2019-06-30,13.91
DIS,WALT DISNEY CO,2019-09-30,23.77
DIS,WALT DISNEY CO,2019-12-31,1.41
DIS,WALT DISNEY CO,2020-03-31,1.38
DIS,WALT DISNEY CO,2020-06-30,0.08
DIS,WALT DISNEY CO,2020-09-30,7.33
DIS,WALT DISNEY CO,2020-12-31,2.55
DIS,WALT DISNEY CO,2021-03-31,1.89
DIS,WALT DISNEY CO,2021-06-30,3.16
DIS,WALT DISNEY CO,2021-09-30,4.96
DIS,WALT DISNEY CO,2021-12-31,1.4
DIS,WALT DISNEY CO,2022-03-31,1.05
DIS,WALT DISNEY CO,2022-06-30,1.12
DIS,WALT DISNEY CO,2022-09-30,1.88
DIS,WALT DISNEY CO,2023-03-31,21.82
DIS,WALT DISNEY CO,2023-06-30,20.01
DIS,WALT DISNEY CO,2023-09-30,11.52
DIS,WALT DISNEY CO,2023-12-31,0.97
DIS,WALT DISNEY CO,2024-03-31,5.35
DIS,WALT DISNEY CO,2024-06-30,54.52
DIS,WALT DISNEY CO,2024-09-30,4.08
DIS,WALT DISNEY CO,2024-12-31,3.06
DIS,WALT DISNEY CO,2025-03-31,0.8
DIS,WALT DISNEY CO,2025-06-30,0.96
DIS,WALT DISNEY CO,2025-09-30,84.59
DIS,WALT DISNEY CO,2025-12-31,2.0
DIS,WALT DISNEY CO,2026-03-31,51.15
GE,GENERAL ELECTRIC CO,2017-12-31,0.13
GE,GENERAL ELECTRIC CO,2018-03-31,21.14
GE,GENERAL ELECTRIC CO,2018-06-30,22.19
GE,GENERAL ELECTRIC CO,2018-09-30,21.27
GE,GENERAL ELECTRIC CO,2018-12-31,14.89
GE,GENERAL ELECTRIC CO,2019-03-31,20.32
GE,GENERAL ELECTRIC CO,2019-06-30,19.88
GE,GENERAL ELECTRIC CO,2019-09-30,2.1
GE,GENERAL ELECTRIC CO,2019-12-31,14.65
GE,GENERAL ELECTRIC CO,2020-03-31,18.84
GE,GENERAL ELECTRIC CO,2020-06-30,8.18
GE,GENERAL ELECTRIC CO,2020-12-31,10.4
GE,GENERAL ELECTRIC CO,2021-03-31,0.96
GE,GENERAL ELECTRIC CO,2021-06-30,0.04
GE,GENERAL ELECTRIC CO,2021-09-30,3.56
GE,GENERAL ELECTRIC CO,2021-10-31,17.0
GE,GENERAL ELECTRIC CO,2021-12-31,4.04
GE,GENERAL ELECTRIC CO,2022-03-31,2.17
GE,GENERAL ELECTRIC CO,2022-06-30,18.65
GE,GENERAL ELECTRIC CO,2022-09-30,18.44
GE,GENERAL ELECTRIC CO,2022-12-31,2.78
GE,GENERAL ELECTRIC CO,2023-03-31,2.72
GE,GENERAL ELECTRIC CO,2023-06-30,10.97
GE,GENERAL ELECTRIC CO,2023-09-30,16.5
GE,GENERAL ELECTRIC CO,2023-12-31,4.0
GE,GENERAL ELECTRIC CO,2024-03-31,9.24
GE,GENERAL ELECTRIC CO,2024-06-30,4.71
GE,GENERAL ELECTRIC CO,2024-09-30,2.45
GE,GENERAL ELECTRIC CO,2025-03-31,9.36
GE,GENERAL ELECTRIC CO,2025-06-30,7.99
GE,GENERAL ELECTRIC CO,2025-09-30,8.22
GE,GENERAL ELECTRIC CO,2025-12-31,48.02
GE,GENERAL ELECTRIC CO,2026-03-31,8.43
GOOGL,ALPHABET INC.,2017-12-31,77.96
GOOGL,ALPHABET INC.,2018-12-31,116.46
GOOGL,ALPHABET INC.,2019-03-31,5.01
GOOGL,ALPHABET INC.,2019-06-30,12.31
GOOGL,ALPHABET INC.,2019-09-30,40.5
GOOGL,ALPHABET INC.,2019-12-31,160.74
GOOGL,ALPHABET INC.,2020-03-31,0.14
GOOGL,ALPHABET INC.,2020-06-30,5.78
GOOGL,ALPHABET INC.,2020-09-30,8.46
GOOGL,ALPHABET INC.,2020-12-31,104.06
GOOGL,ALPHABET INC.,2021-03-31,55.31
GOOGL,ALPHABET INC.,2021-06-30,35.84
GOOGL,ALPHABET INC.,2021-09-30,55.95
GOOGL,ALPHABET INC.,2021-12-31,237.53
GOOGL,ALPHABET INC.,2022-03-31,6.87
GOOGL,ALPHABET INC.,2022-06-30,40.69
GOOGL,ALPHABET INC.,2022-09-30,69.09
GOOGL,ALPHABET INC.,2022-12-31,29.24
GOOGL,ALPHABET INC.,2023-03-31,0.09
GOOGL,ALPHABET INC.,2023-09-30,37.53
GOOGL,ALPHABET INC.,2023-12-31,1.53
GOOGL,ALPHABET INC.,2024-03-31,80.54
GOOGL,ALPHABET INC.,2024-06-30,4.94
GOOGL,ALPHABET INC.,2024-09-30,76.51
GOOGL,ALPHABET INC.,2024-12-31,170.45
GOOGL,ALPHABET INC.,2025-03-31,12.26
GOOGL,ALPHABET INC.,2025-09-30,102.35
GS,GOLDMAN SACHS GROUP INC,2017-12-31,19.74
GS,GOLDMAN SACHS GROUP INC,2019-03-31,4.04
GS,GOLDMAN SACHS GROUP INC,2019-06-30,18.27
GS,GOLDMAN SACHS GROUP INC,2019-09-30,1.62
GS,GOLDMAN SACHS GROUP INC,2019-12-31,7.6
GS,GOLDMAN SACHS GROUP INC,2020-03-31,1.49
GS,GOLDMAN SACHS GROUP INC,2020-06-30,2.1
GS,GOLDMAN SACHS GROUP INC,2020-09-30,16.89
GS,GOLDMAN SACHS GROUP INC,2020-12-31,10.87
GS,GOLDMAN SACHS GROUP INC,2021-03-31,4.71
GS,GOLDMAN SACHS GROUP INC,2021-06-30,15.39
GS,GOLDMAN SACHS GROUP INC,2021-09-30,12.02
GS,GOLDMAN SACHS GROUP INC,2021-12-31,14.37
GS,GOLDMAN SACHS GROUP INC,2022-03-31,3.87
GS,GOLDMAN SACHS GROUP INC,2022-06-30,6.47
GS,GOLDMAN SACHS GROUP INC,2022-09-30,3.08
GS,GOLDMAN SACHS GROUP INC,2022-12-31,47.36
GS,GOLDMAN SACHS GROUP INC,2023-03-31,8.44
GS,GOLDMAN SACHS GROUP INC,2023-06-30,0.89
GS,GOLDMAN SACHS GROUP INC,2023-09-30,8.01
GS,GOLDMAN SACHS GROUP INC,2023-12-31,6.22
GS,GOLDMAN SACHS GROUP INC,2024-03-31,0.7
GS,GOLDMAN SACHS GROUP INC,2024-06-30,17.31
GS,GOLDMAN SACHS GROUP INC,2024-09-30,39.64
GS,GOLDMAN SACHS GROUP INC,2024-12-31,16.14
GS,GOLDMAN SACHS GROUP INC,2025-03-31,10.74
GS,GOLDMAN SACHS GROUP INC,2025-06-30,3.81
GS,GOLDMAN SACHS GROUP INC,2025-09-30,2.0
GS,GOLDMAN SACHS GROUP INC,2025-12-31,16.68
GS,GOLDMAN SACHS GROUP INC,2026-03-31,3.77
HD,"HOME DEPOT, INC.",2018-01-31,4.95
HD,"HOME DEPOT, INC.",2018-04-30,24.95
HD,"HOME DEPOT, INC.",2018-07-31,30.46
HD,"HOME DEPOT, INC.",2018-10-31,26.3
HD,"HOME DEPOT, INC.",2019-01-31,8.44
HD,"HOME DEPOT, INC.",2019-04-30,26.38
HD,"HOME DEPOT, INC.",2019-07-31,54.71
HD,"HOME DEPOT, INC.",2019-10-31,25.0
HD,"HOME DEPOT, INC.",2020-01-31,8.56
HD,"HOME DEPOT, INC.",2020-04-30,27.3
HD,"HOME DEPOT, INC.",2020-07-31,2.85
HD,"HOME DEPOT, INC.",2020-10-31,12.59
HD,"HOME DEPOT, INC.",2021-01-31,11.31
HD,"HOME DEPOT, INC.",2021-04-30,36.27
HD,"HOME DEPOT, INC.",2021-07-31,25.27
HD,"HOME DEPOT, INC.",2021-10-31,10.23
HD,"HOME DEPOT, INC.",2022-01-31,10.43
HD,"HOME DEPOT, INC.",2022-04-30,2.9
HD,"HOME DEPOT, INC.",2022-07-31,1.44
HD,"HOME DEPOT, INC.",2022-10-31,46.1
HD,"HOME DEPOT, INC.",2023-01-31,12.38
HD,"HOME DEPOT, INC.",2023-04-30,14.08
HD,"HOME DEPOT, INC.",2023-07-31,77.25
HD,"HOME DEPOT, INC.",2023-10-31,4.48
HD,"HOME DEPOT, INC.",2024-01-31,13.88
HD,"HOME DEPOT, INC.",2024-04-30,12.34
HD,"HOME DEPOT, INC.",2024-07-31,76.68
HD,"HOME DEPOT, INC.",2024-10-31,36.96
HD,"HOME DEPOT, INC.",2025-01-31,13.1
HD,"HOME DEPOT, INC.",2025-04-30,1.34
HD,"HOME DEPOT, INC.",2025-07-31,26.34
HD,"HOME DEPOT, INC.",2025-10-31,4.37
HD,"HOME DEPOT, INC.",2026-01-31,164.68
HD,"HOME DEPOT, INC.",2026-04-30,1.33
IBM,IBM CREDIT LLC,2017-12-31,454.0
IBM,IBM CREDIT LLC,2018-12-31,1779.0
IBM,IBM CREDIT LLC,2019-03-31,322.0
IBM,IBM CREDIT LLC,2019-06-30,410.0
IBM,IBM CREDIT LLC,2019-09-30,292.0
IBM,IBM CREDIT LLC,2019-12-31,413.0
IBM,IBM CREDIT LLC,2020-03-31,337.0
IBM,IBM CREDIT LLC,2020-06-30,244.0
IBM,IBM CREDIT LLC,2020-09-30,881.0
IBM,IBM CREDIT LLC,2020-12-31,152.0
INTC,INTEL CORP,2017-12-31,19.41
INTC,INTEL CORP,2018-12-31,4.15
INTC,INTEL CORP,2019-03-31,8.59
INTC,INTEL CORP,2019-06-30,15.75
INTC,INTEL CORP,2019-09-30,0.07
INTC,INTEL CORP,2019-12-31,15.62
INTC,INTEL CORP,2020-03-31,0.88
INTC,INTEL CORP,2020-06-30,0.02
INTC,INTEL CORP,2020-09-30,57.89
INTC,INTEL CORP,2020-12-31,11.18
INTC,INTEL CORP,2021-03-31,4.81
INTC,INTEL CORP,2021-06-30,39.3
INTC,INTEL CORP,2021-09-30,2.41
INTC,INTEL CORP,2021-12-31,12.44
INTC,INTEL CORP,2022-03-31,18.35
INTC,INTEL CORP,2022-06-30,16.96
INTC,INTEL CORP,2022-09-30,15.34
INTC,INTEL CORP,2022-12-31,0.9
INTC,INTEL CORP,2023-03-31,10.16
INTC,INTEL CORP,2023-06-30,2.37
INTC,INTEL CORP,2023-09-30,0.61
INTC,INTEL CORP,2023-12-31,13.96
INTC,INTEL CORP,2024-03-31,11.93
INTC,INTEL CORP,2024-06-30,1.34
INTC,INTEL CORP,2024-09-30,38.84
INTC,INTEL CORP,2024-12-31,15.53
INTC,INTEL CORP,2025-03-31,0.94
INTC,INTEL CORP,2025-06-30,2.0
INTC,INTEL CORP,2025-09-30,0.99
INTC,INTEL CORP,2025-12-31,9.54
INTC,INTEL CORP,2026-03-31,0.14
JNJ,JOHNSON & JOHNSON,2017-12-31,0.57
JNJ,JOHNSON & JOHNSON,2018-03-31,9.84
JNJ,JOHNSON & JOHNSON,2018-06-30,10.35
JNJ,JOHNSON & JOHNSON,2018-09-30,6.59
JNJ,JOHNSON & JOHNSON,2018-12-31,81.58
JNJ,JOHNSON & JOHNSON,2019-03-31,3.32
JNJ,JOHNSON & JOHNSON,2019-06-30,0.12
JNJ,JOHNSON & JOHNSON,2019-09-30,1.08
JNJ,JOHNSON & JOHNSON,2019-12-31,0.75
JNJ,JOHNSON & JOHNSON,2020-03-31,0.36
JNJ,JOHNSON & JOHNSON,2020-06-30,0.34
JNJ,JOHNSON & JOHNSON,2020-09-30,0.58
JNJ,JOHNSON & JOHNSON,2020-12-31,3.09
JNJ,JOHNSON & JOHNSON,2021-03-31,0.37
JNJ,JOHNSON & JOHNSON,2021-06-30,0.56
JNJ,JOHNSON & JOHNSON,2021-09-30,0.86
JNJ,JOHNSON & JOHNSON,2021-12-31,0.02
JNJ,JOHNSON & JOHNSON,2022-03-31,0.37
JNJ,JOHNSON & JOHNSON,2022-06-30,0.96
JNJ,JOHNSON & JOHNSON,2022-09-30,1.49
JNJ,JOHNSON & JOHNSON,2022-12-31,5.12
JNJ,JOHNSON & JOHNSON,2023-03-31,0.14
JNJ,JOHNSON & JOHNSON,2023-09-30,4.95
JNJ,JOHNSON & JOHNSON,2023-12-31,0.03
JNJ,JOHNSON & JOHNSON,2024-03-31,1.02
JNJ,JOHNSON & JOHNSON,2024-06-30,2.08
JNJ,JOHNSON & JOHNSON,2024-09-30,12.1
JNJ,JOHNSON & JOHNSON,2024-12-31,31.86
JNJ,JOHNSON & JOHNSON,2025-03-31,0.16
JNJ,JOHNSON & JOHNSON,2025-06-30,0.3
JNJ,JOHNSON & JOHNSON,2025-09-30,3.61
JNJ,JOHNSON & JOHNSON,2025-12-31,0.08
JNJ,JOHNSON & JOHNSON,2026-03-31,1.29
JPM,JPMORGAN CHASE & CO,2017-12-31,100.7
JPM,JPMORGAN CHASE & CO,2018-12-31,12.06
JPM,JPMORGAN CHASE & CO,2019-03-31,29.12
JPM,JPMORGAN CHASE & CO,2019-06-30,57.82
JPM,JPMORGAN CHASE & CO,2019-09-30,3.45
JPM,JPMORGAN CHASE & CO,2019-12-31,39.26
JPM,JPMORGAN CHASE & CO,2020-03-31,13.29
JPM,JPMORGAN CHASE & CO,2020-06-30,3.61
JPM,JPMORGAN CHASE & CO,2020-09-30,2.19
JPM,JPMORGAN CHASE & CO,2021-03-31,12.52
JPM,JPMORGAN CHASE & CO,2021-06-30,2.48
JPM,JPMORGAN CHASE & CO,2021-12-31,13.22
JPM,JPMORGAN CHASE & CO,2022-03-31,5.11
JPM,JPMORGAN CHASE & CO,2022-06-30,12.61
JPM,JPMORGAN CHASE & CO,2022-09-30,32.72
JPM,JPMORGAN CHASE & CO,2022-12-31,47.9
JPM,JPMORGAN CHASE & CO,2023-03-31,1.65
JPM,JPMORGAN CHASE & CO,2023-06-30,6.91
JPM,JPMORGAN CHASE & CO,2023-09-30,119.53
JPM,JPMORGAN CHASE & CO,2023-12-31,24.46
JPM,JPMORGAN CHASE & CO,2024-03-31,1.95
JPM,JPMORGAN CHASE & CO,2024-06-30,35.35
JPM,JPMORGAN CHASE & CO,2024-09-30,3.07
JPM,JPMORGAN CHASE & CO,2024-12-31,177.56
JPM,JPMORGAN CHASE & CO,2025-03-31,2.18
JPM,JPMORGAN CHASE & CO,2025-06-30,37.16
JPM,JPMORGAN CHASE & CO,2025-09-30,21.87
LLY,ELI LILLY & CO,2017-12-31,0.29
LLY,ELI LILLY & CO,2018-03-31,4.96
LLY,ELI LILLY & CO,2018-06-30,5.58
LLY,ELI LILLY & CO,2018-09-30,5.31
LLY,ELI LILLY & CO,2018-12-31,0.2
LLY,ELI LILLY & CO,2019-03-31,0.08
LLY,ELI LILLY & CO,2019-06-30,0.17
LLY,ELI LILLY & CO,2019-09-30,5.48
LLY,ELI LILLY & CO,2019-12-31,0.37
LLY,ELI LILLY & CO,2020-03-31,0.27
LLY,ELI LILLY & CO,2020-06-30,0.46
LLY,ELI LILLY & CO,2020-09-30,0.27
LLY,ELI LILLY & CO,2020-12-31,0.26
LLY,ELI LILLY & CO,2021-03-31,0.25
LLY,ELI LILLY & CO,2021-09-30,0.48
LLY,ELI LILLY & CO,2021-12-31,0.21
LLY,ELI LILLY & CO,2022-03-31,7.81
LLY,ELI LILLY & CO,2022-06-30,0.02
LLY,ELI LILLY & CO,2022-09-30,0.07
LLY,ELI LILLY & CO,2022-12-31,0.38
LLY,ELI LILLY & CO,2023-03-31,0.14
LLY,ELI LILLY & CO,2023-06-30,0.84
LLY,ELI LILLY & CO,2023-09-30,0.06
LLY,ELI LILLY & CO,2023-12-31,0.48
LLY,ELI LILLY & CO,2024-03-31,1.4
LLY,ELI LILLY & CO,2024-06-30,0.14
LLY,ELI LILLY & CO,2024-09-30,0.13
LLY,ELI LILLY & CO,2024-12-31,4.93
LLY,ELI LILLY & CO,2025-03-31,0.29
LLY,ELI LILLY & CO,2025-06-30,8.98
LLY,ELI LILLY & CO,2025-09-30,6.3
LLY,ELI LILLY & CO,2025-12-31,65.18
LLY,ELI LILLY & CO,2026-03-31,4.16
MA,MASTERCARD INC,2017-12-31,12.5
MA,MASTERCARD INC,2018-03-31,3.58
MA,MASTERCARD INC,2018-06-30,3.66
MA,MASTERCARD INC,2018-09-30,3.9
MA,MASTERCARD INC,2018-12-31,9.51
MA,MASTERCARD INC,2019-03-31,3.89
MA,MASTERCARD INC,2019-06-30,2.78
MA,MASTERCARD INC,2019-09-30,4.47
MA,MASTERCARD INC,2019-12-31,16.88
MA,MASTERCARD INC,2020-03-31,4.01
MA,MASTERCARD INC,2020-06-30,4.68
MA,MASTERCARD INC,2020-09-30,2.42
MA,MASTERCARD INC,2020-12-31,5.47
MA,MASTERCARD INC,2021-03-31,4.16
MA,MASTERCARD INC,2021-06-30,4.53
MA,MASTERCARD INC,2021-09-30,13.67
MA,MASTERCARD INC,2021-12-31,0.22
MA,MASTERCARD INC,2022-03-31,0.08
MA,MASTERCARD INC,2022-06-30,3.49
MA,MASTERCARD INC,2022-09-30,10.49
MA,MASTERCARD INC,2022-12-31,12.08
MA,MASTERCARD INC,2023-03-31,1.9
MA,MASTERCARD INC,2023-06-30,2.2
MA,MASTERCARD INC,2023-09-30,3.7
MA,MASTERCARD INC,2023-12-31,8.36
MA,MASTERCARD INC,2024-03-31,2.43
MA,MASTERCARD INC,2024-06-30,7.37
MA,MASTERCARD INC,2024-09-30,12.92
MA,MASTERCARD INC,2024-12-31,17.34
MA,MASTERCARD INC,2025-03-31,4.1
MA,MASTERCARD INC,2025-06-30,8.13
MA,MASTERCARD INC,2025-09-30,3.42
MA,MASTERCARD INC,2025-12-31,32.79
MA,MASTERCARD INC,2026-03-31,3.45
META,"META PLATFORMS, INC.",2017-12-31,40.65
META,"META PLATFORMS, INC.",2018-12-31,11.73
META,"META PLATFORMS, INC.",2019-03-31,15.08
META,"META PLATFORMS, INC.",2019-06-30,2.87
META,"META PLATFORMS, INC.",2019-09-30,0.7
META,"META PLATFORMS, INC.",2019-12-31,0.54
META,"META PLATFORMS, INC.",2020-03-31,0.3
META,"META PLATFORMS, INC.",2020-06-30,4.25
META,"META PLATFORMS, INC.",2020-09-30,0.25
META,"META PLATFORMS, INC.",2020-12-31,36.25
META,"META PLATFORMS, INC.",2021-03-31,6.1
META,"META PLATFORMS, INC.",2021-06-30,4.82
META,"META PLATFORMS, INC.",2021-09-30,0.73
META,"META PLATFORMS, INC.",2021-12-31,10.59
META,"META PLATFORMS, INC.",2022-03-31,6.72
META,"META PLATFORMS, INC.",2022-06-30,23.96
META,"META PLATFORMS, INC.",2022-09-30,82.39
META,"META PLATFORMS, INC.",2022-12-31,26.68
META,"META PLATFORMS, INC.",2023-03-31,11.45
META,"META PLATFORMS, INC.",2023-06-30,32.0
META,"META PLATFORMS, INC.",2023-09-30,10.54
META,"META PLATFORMS, INC.",2023-12-31,31.21
META,"META PLATFORMS, INC.",2024-03-31,0.44
META,"META PLATFORMS, INC.",2024-06-30,17.56
META,"META PLATFORMS, INC.",2024-09-30,32.52
META,"META PLATFORMS, INC.",2024-12-31,18.35
META,"META PLATFORMS, INC.",2025-03-31,16.87
META,"META PLATFORMS, INC.",2025-06-30,9.66
META,"META PLATFORMS, INC.",2025-09-30,19.71
META,"META PLATFORMS, INC.",2025-12-31,53.82
META,"META PLATFORMS, INC.",2026-03-31,21.27
MRK,"MERCK & CO., INC.",2017-12-31,0.76
MRK,"MERCK & CO., INC.",2018-12-31,0.91
MRK,"MERCK & CO., INC.",2019-03-31,6.18
MRK,"MERCK & CO., INC.",2019-06-30,0.24
MRK,"MERCK & CO., INC.",2019-09-30,0.06
MRK,"MERCK & CO., INC.",2019-12-31,4.78
MRK,"MERCK & CO., INC.",2020-03-31,0.02
MRK,"MERCK & CO., INC.",2020-06-30,0.22
MRK,"MERCK & CO., INC.",2020-09-30,0.07
MRK,"MERCK & CO., INC.",2020-12-31,0.02
MRK,"MERCK & CO., INC.",2021-06-30,11.4
MRK,"MERCK & CO., INC.",2021-09-30,0.95
MRK,"MERCK & CO., INC.",2021-12-31,17.19
MRK,"MERCK & CO., INC.",2022-03-31,0.12
MRK,"MERCK & CO., INC.",2022-06-30,0.33
MRK,"MERCK & CO., INC.",2022-09-30,0.25
MRK,"MERCK & CO., INC.",2022-12-31,32.08
MRK,"MERCK & CO., INC.",2023-03-31,0.08
MRK,"MERCK & CO., INC.",2023-06-30,0.68
MRK,"MERCK & CO., INC.",2023-09-30,0.06
MRK,"MERCK & CO., INC.",2023-12-31,2.08
MRK,"MERCK & CO., INC.",2024-03-31,6.95
MRK,"MERCK & CO., INC.",2024-06-30,7.08
MRK,"MERCK & CO., INC.",2024-09-30,0.31
MRK,"MERCK & CO., INC.",2024-12-31,0.05
MRK,"MERCK & CO., INC.",2025-03-31,0.12
MRK,"MERCK & CO., INC.",2025-06-30,0.36
MRK,"MERCK & CO., INC.",2025-09-30,0.09
MRK,"MERCK & CO., INC.",2025-12-31,3.41
MSFT,MICROSOFT CORP,2018-06-30,2.79
MSFT,MICROSOFT CORP,2018-09-30,29.08
MSFT,MICROSOFT CORP,2018-12-31,28.04
MSFT,MICROSOFT CORP,2019-03-31,30.57
MSFT,MICROSOFT CORP,2019-06-30,38.1
MSFT,MICROSOFT CORP,2019-09-30,1.2
MSFT,MICROSOFT CORP,2019-12-31,13.21
MSFT,MICROSOFT CORP,2020-03-31,8.92
MSFT,MICROSOFT CORP,2020-06-30,11.58
MSFT,MICROSOFT CORP,2020-09-30,15.8
MSFT,MICROSOFT CORP,2020-12-31,11.02
MSFT,MICROSOFT CORP,2021-03-31,1.8
MSFT,MICROSOFT CORP,2021-06-30,168.09
MSFT,MICROSOFT CORP,2021-09-30,10.81
MSFT,MICROSOFT CORP,2021-12-31,1.82
MSFT,MICROSOFT CORP,2022-03-31,17.05
MSFT,MICROSOFT CORP,2022-06-30,16.23
MSFT,MICROSOFT CORP,2022-09-30,24.26
MSFT,MICROSOFT CORP,2022-12-31,6.12
MSFT,MICROSOFT CORP,2023-03-31,26.01
MSFT,MICROSOFT CORP,2023-06-30,87.91
MSFT,MICROSOFT CORP,2023-09-30,3.92
MSFT,MICROSOFT CORP,2024-03-31,180.4
MSFT,MICROSOFT CORP,2024-06-30,76.97
MSFT,MICROSOFT CORP,2024-09-30,3.22
MSFT,MICROSOFT CORP,2024-12-31,40.9
MSFT,MICROSOFT CORP,2025-03-31,13.37
MSFT,MICROSOFT CORP,2025-06-30,7.83
MSFT,MICROSOFT CORP,2025-09-30,4.71
MSFT,MICROSOFT CORP,2026-03-31,155.1
NFLX,NETFLIX INC,2017-12-31,2.36
NFLX,NETFLIX INC,2018-03-31,3.7
NFLX,NETFLIX INC,2018-06-30,3.91
NFLX,NETFLIX INC,2018-09-30,4.0
NFLX,NETFLIX INC,2018-12-31,8.0
NFLX,NETFLIX INC,2019-03-31,4.52
NFLX,NETFLIX INC,2019-06-30,4.92
NFLX,NETFLIX INC,2019-09-30,5.24
NFLX,NETFLIX INC,2019-12-31,0.3
NFLX,NETFLIX INC,2020-03-31,5.77
NFLX,NETFLIX INC,2020-06-30,0.57
NFLX,NETFLIX INC,2020-09-30,5.64
NFLX,NETFLIX INC,2020-12-31,0.2
NFLX,NETFLIX INC,2021-03-31,7.16
NFLX,NETFLIX INC,2021-06-30,0.8
NFLX,NETFLIX INC,2021-09-30,3.26
NFLX,NETFLIX INC,2021-12-31,0.2
NFLX,NETFLIX INC,2022-03-31,3.35
NFLX,NETFLIX INC,2022-06-30,1.82
NFLX,NETFLIX INC,2022-09-30,10.49
NFLX,NETFLIX INC,2022-12-31,3.57
NFLX,NETFLIX INC,2023-03-31,3.3
NFLX,NETFLIX INC,2023-06-30,5.08
NFLX,NETFLIX INC,2023-09-30,1.14
NFLX,NETFLIX INC,2023-12-31,13.8
NFLX,NETFLIX INC,2024-03-31,3.9
NFLX,NETFLIX INC,2024-06-30,4.0
NFLX,NETFLIX INC,2024-09-30,0.05
NFLX,NETFLIX INC,2024-12-31,0.12
NFLX,NETFLIX INC,2025-03-31,4.62
NFLX,NETFLIX INC,2025-06-30,6.94
NFLX,NETFLIX INC,2025-09-30,33.13
NKE,"NIKE, INC.",2018-05-31,0.03
NKE,"NIKE, INC.",2018-11-30,1.13
NKE,"NIKE, INC.",2019-02-28,0.93
NKE,"NIKE, INC.",2019-08-31,0.69
NKE,"NIKE, INC.",2019-11-30,1.85
NKE,"NIKE, INC.",2020-02-29,1.46
NKE,"NIKE, INC.",2020-05-31,37.4
NKE,"NIKE, INC.",2020-08-31,4.22
NKE,"NIKE, INC.",2020-11-30,0.09
NKE,"NIKE, INC.",2021-02-28,1.32
NKE,"NIKE, INC.",2021-05-31,42.29
NKE,"NIKE, INC.",2021-08-31,1.16
NKE,"NIKE, INC.",2021-11-30,1.35
NKE,"NIKE, INC.",2022-02-28,0.05
NKE,"NIKE, INC.",2022-05-31,25.61
NKE,"NIKE, INC.",2022-11-30,0.65
NKE,"NIKE, INC.",2023-02-28,2.79
NKE,"NIKE, INC.",2023-05-31,0.97
NKE,"NIKE, INC.",2023-08-31,0.53
NKE,"NIKE, INC.",2023-11-30,0.02
NKE,"NIKE, INC.",2024-02-29,0.12
NKE,"NIKE, INC.",2024-08-31,0.03
NKE,"NIKE, INC.",2024-11-30,0.8
NKE,"NIKE, INC.",2025-02-28,0.7
NKE,"NIKE, INC.",2025-05-31,0.07
NKE,"NIKE, INC.",2025-08-31,0.06
NKE,"NIKE, INC.",2026-02-28,1.66
NVDA,NVIDIA CORP,2018-01-31,9.71
NVDA,NVIDIA CORP,2018-04-30,3.21
NVDA,NVIDIA CORP,2018-07-31,3.12
NVDA,NVIDIA CORP,2018-10-31,3.18
NVDA,NVIDIA CORP,2019-01-31,1.13
NVDA,NVIDIA CORP,2019-04-30,2.22
NVDA,NVIDIA CORP,2019-07-31,0.11
NVDA,NVIDIA CORP,2019-10-31,0.42
NVDA,NVIDIA CORP,2020-01-31,3.02
NVDA,NVIDIA CORP,2020-04-30,1.14
NVDA,NVIDIA CORP,2020-07-31,2.99
NVDA,NVIDIA CORP,2020-10-31,11.67
NVDA,NVIDIA CORP,2021-01-31,16.68
NVDA,NVIDIA CORP,2021-04-30,2.05
NVDA,NVIDIA CORP,2021-07-31,3.91
NVDA,NVIDIA CORP,2021-10-31,0.23
NVDA,NVIDIA CORP,2022-01-31,15.87
NVDA,NVIDIA CORP,2022-04-30,0.62
NVDA,NVIDIA CORP,2022-07-31,0.22
NVDA,NVIDIA CORP,2022-10-31,9.53
NVDA,NVIDIA CORP,2023-01-31,2.29
NVDA,NVIDIA CORP,2023-04-30,1.8
NVDA,NVIDIA CORP,2023-07-31,6.04
NVDA,NVIDIA CORP,2023-10-31,38.82
NVDA,NVIDIA CORP,2024-01-31,13.52
NVDA,NVIDIA CORP,2024-04-30,0.33
NVDA,NVIDIA CORP,2024-07-31,13.02
NVDA,NVIDIA CORP,2024-10-31,2.02
NVDA,NVIDIA CORP,2025-01-31,20.57
NVDA,NVIDIA CORP,2025-04-30,39.11
NVDA,NVIDIA CORP,2025-07-31,41.1
NVDA,NVIDIA CORP,2025-10-31,43.03
NVDA,NVIDIA CORP,2026-01-31,19.68
NVDA,NVIDIA CORP,2026-04-30,37.87
ORCL,ORACLE CORP,2018-05-31,3.4
ORCL,ORACLE CORP,2019-08-31,2.7
ORCL,ORACLE CORP,2019-11-30,5.25
ORCL,ORACLE CORP,2020-02-29,2.37
ORCL,ORACLE CORP,2020-05-31,39.07
ORCL,ORACLE CORP,2020-08-31,5.07
ORCL,ORACLE CORP,2020-11-30,9.8
ORCL,ORACLE CORP,2021-02-28,1.68
ORCL,ORACLE CORP,2021-05-31,6.76
ORCL,ORACLE CORP,2021-08-31,2.78
ORCL,ORACLE CORP,2021-11-30,3.29
ORCL,ORACLE CORP,2022-02-28,3.01
ORCL,ORACLE CORP,2022-05-31,42.44
ORCL,ORACLE CORP,2022-08-31,4.4
ORCL,ORACLE CORP,2022-11-30,1.59
ORCL,ORACLE CORP,2023-02-28,12.26
ORCL,ORACLE CORP,2023-05-31,3.27
ORCL,ORACLE CORP,2023-08-31,7.84
ORCL,ORACLE CORP,2023-11-30,10.82
ORCL,ORACLE CORP,2024-02-29,9.96
ORCL,ORACLE CORP,2024-05-31,5.43
ORCL,ORACLE CORP,2024-08-31,5.62
ORCL,ORACLE CORP,2024-11-30,9.55
ORCL,ORACLE CORP,2025-02-28,12.14
ORCL,ORACLE CORP,2025-05-31,2.94
ORCL,ORACLE CORP,2025-08-31,12.91
ORCL,ORACLE CORP,2025-11-30,7.98
ORCL,ORACLE CORP,2026-02-28,17.72
PFE,PFIZER INC,2018-12-31,1.08
PFE,PFIZER INC,2019-03-31,0.07
PFE,PFIZER INC,2019-06-30,0.12
PFE,PFIZER INC,2019-09-30,2.35
PFE,PFIZER INC,2019-12-31,0.53
PFE,PFIZER INC,2020-03-31,0.07
PFE,PFIZER INC,2020-06-30,0.22
PFE,PFIZER INC,2020-09-30,0.06
PFE,PFIZER INC,2020-12-31,2.44
PFE,PFIZER INC,2021-03-31,0.03
PFE,PFIZER INC,2021-06-30,6.01
PFE,PFIZER INC,2021-09-30,8.62
PFE,PFIZER INC,2021-12-31,1.45
PFE,PFIZER INC,2022-03-31,0.1
PFE,PFIZER INC,2022-06-30,4.63
PFE,PFIZER INC,2022-09-30,4.6
PFE,PFIZER INC,2022-12-31,1.0
PFE,PFIZER INC,2023-03-31,0.34
PFE,PFIZER INC,2023-06-30,0.15
PFE,PFIZER INC,2023-09-30,2.37
PFE,PFIZER INC,2023-12-31,0.42
PFE,PFIZER INC,2024-03-31,1.69
PFE,PFIZER INC,2024-06-30,1.36
PFE,PFIZER INC,2024-09-30,0.56
PFE,PFIZER INC,2024-12-31,0.47
PFE,PFIZER INC,2025-03-31,1.49
PFE,PFIZER INC,2025-06-30,0.35
PFE,PFIZER INC,2025-09-30,10.69
PFE,PFIZER INC,2025-12-31,0.15
PFE,PFIZER INC,2026-03-31,0.29
PLTR,PALANTIR TECHNOLOGIES INC.,2018-12-31,64.43
PLTR,PALANTIR TECHNOLOGIES INC.,2019-09-30,190.54
PLTR,PALANTIR TECHNOLOGIES INC.,2019-12-31,742.56
PLTR,PALANTIR TECHNOLOGIES INC.,2020-03-31,25.73
PLTR,PALANTIR TECHNOLOGIES INC.,2020-06-30,251.89
PLTR,PALANTIR TECHNOLOGIES INC.,2020-09-30,350.32
PLTR,PALANTIR TECHNOLOGIES INC.,2020-12-31,132.43
PLTR,PALANTIR TECHNOLOGIES INC.,2021-03-31,341.23
PLTR,PALANTIR TECHNOLOGIES INC.,2021-06-30,143.52
PLTR,PALANTIR TECHNOLOGIES INC.,2021-09-30,122.23
PLTR,PALANTIR TECHNOLOGIES INC.,2021-12-31,1541.89
PLTR,PALANTIR TECHNOLOGIES INC.,2022-03-31,446.36
PLTR,PALANTIR TECHNOLOGIES INC.,2022-06-30,414.58
PLTR,PALANTIR TECHNOLOGIES INC.,2022-09-30,477.88
PLTR,PALANTIR TECHNOLOGIES INC.,2022-12-31,1905.87
PLTR,PALANTIR TECHNOLOGIES INC.,2023-03-31,289.07
PLTR,PALANTIR TECHNOLOGIES INC.,2023-06-30,63.23
PLTR,PALANTIR TECHNOLOGIES INC.,2023-09-30,307.6
PLTR,PALANTIR TECHNOLOGIES INC.,2023-12-31,1222.21
PLTR,PALANTIR TECHNOLOGIES INC.,2024-03-31,634.34
PLTR,PALANTIR TECHNOLOGIES INC.,2024-06-30,678.13
PLTR,PALANTIR TECHNOLOGIES INC.,2024-09-30,42.7
PLTR,PALANTIR TECHNOLOGIES INC.,2024-12-31,304.58
PLTR,PALANTIR TECHNOLOGIES INC.,2025-03-31,89.65
PLTR,PALANTIR TECHNOLOGIES INC.,2025-06-30,186.83
PLTR,PALANTIR TECHNOLOGIES INC.,2025-09-30,632.68
PLTR,PALANTIR TECHNOLOGIES INC.,2025-12-31,4475.45
PLTR,PALANTIR TECHNOLOGIES INC.,2026-03-31,1282.07
SBUX,STARBUCKS CORP,2018-09-30,19.69
SBUX,STARBUCKS CORP,2018-12-31,0.5
SBUX,STARBUCKS CORP,2019-03-31,0.03
SBUX,STARBUCKS CORP,2019-06-30,3.23
SBUX,STARBUCKS CORP,2019-09-30,4.34
SBUX,STARBUCKS CORP,2019-12-31,5.01
SBUX,STARBUCKS CORP,2020-03-31,1.39
SBUX,STARBUCKS CORP,2020-06-30,0.63
SBUX,STARBUCKS CORP,2020-09-30,2.58
SBUX,STARBUCKS CORP,2020-12-31,6.75
SBUX,STARBUCKS CORP,2021-03-31,13.42
SBUX,STARBUCKS CORP,2021-06-30,1.28
SBUX,STARBUCKS CORP,2021-09-30,3.67
SBUX,STARBUCKS CORP,2021-12-31,5.73
SBUX,STARBUCKS CORP,2022-03-31,9.5
SBUX,STARBUCKS CORP,2022-06-30,6.06
SBUX,STARBUCKS CORP,2022-09-30,32.25
SBUX,STARBUCKS CORP,2022-12-31,8.71
SBUX,STARBUCKS CORP,2023-03-31,3.16
SBUX,STARBUCKS CORP,2023-06-30,0.02
SBUX,STARBUCKS CORP,2023-09-30,0.02
SBUX,STARBUCKS CORP,2023-12-31,7.76
SBUX,STARBUCKS CORP,2024-03-31,0.46
SBUX,STARBUCKS CORP,2024-06-30,16.38
SBUX,STARBUCKS CORP,2024-09-30,1.91
SBUX,STARBUCKS CORP,2024-12-31,0.02
SBUX,STARBUCKS CORP,2025-03-31,6.47
SBUX,STARBUCKS CORP,2025-06-30,16.72
SBUX,STARBUCKS CORP,2025-09-30,22.54
SBUX,STARBUCKS CORP,2025-12-31,1.88
SBUX,STARBUCKS CORP,2026-03-31,1.22
SHOP,SHOPIFY INC.,2019-12-31,0.64
SHOP,SHOPIFY INC.,2020-12-31,0.12
SHOP,SHOPIFY INC.,2021-12-31,1.34
SHOP,SHOPIFY INC.,2022-12-31,0.05
SHOP,SHOPIFY INC.,2023-12-31,1.25
SHOP,SHOPIFY INC.,2024-03-31,0.35
SHOP,SHOPIFY INC.,2024-06-30,2.52
SHOP,SHOPIFY INC.,2024-09-30,0.61
SHOP,SHOPIFY INC.,2024-12-31,8.88
SHOP,SHOPIFY INC.,2025-03-31,0.02
SHOP,SHOPIFY INC.,2025-06-30,0.13
SHOP,SHOPIFY INC.,2025-09-30,0.7
SHOP,SHOPIFY INC.,2025-12-31,0.57
SHOP,SHOPIFY INC.,2026-03-31,0.75
T,AT&T INC.,2017-03-31,38.04
T,AT&T INC.,2017-06-30,38.99
T,AT&T INC.,2017-09-30,45.74
T,AT&T INC.,2017-12-31,0.83
T,AT&T INC.,2018-03-31,38.04
T,AT&T INC.,2018-06-30,38.99
T,AT&T INC.,2018-09-30,45.74
T,AT&T INC.,2019-03-31,0.35
T,AT&T INC.,2019-06-30,3.41
T,AT&T INC.,2019-09-30,0.04
T,AT&T INC.,2019-12-31,0.7
T,AT&T INC.,2020-03-31,0.58
T,AT&T INC.,2020-06-30,0.14
T,AT&T INC.,2020-09-30,0.2
T,AT&T INC.,2020-12-31,18.99
T,AT&T INC.,2021-09-30,1.48
T,AT&T INC.,2021-12-31,146.39
T,AT&T INC.,2022-03-31,5.48
T,AT&T INC.,2022-06-30,5.42
T,AT&T INC.,2022-09-30,5.67
T,AT&T INC.,2022-12-31,1.75
T,AT&T INC.,2023-03-31,3.24
T,AT&T INC.,2023-06-30,0.3
T,AT&T INC.,2023-09-30,5.09
T,AT&T INC.,2024-03-31,15.99
T,AT&T INC.,2024-06-30,59.6
T,AT&T INC.,2024-09-30,0.99
T,AT&T INC.,2024-12-31,68.04
T,AT&T INC.,2025-03-31,1.29
T,AT&T INC.,2025-06-30,0.17
T,AT&T INC.,2025-09-30,75.77
T,AT&T INC.,2025-12-31,0.11
T,AT&T INC.,2026-03-31,17.69
TSLA,"TESLA, INC.",2017-12-31,1.12
TSLA,"TESLA, INC.",2018-03-31,3.41
TSLA,"TESLA, INC.",2018-06-30,4.0
TSLA,"TESLA, INC.",2018-09-30,6.82
TSLA,"TESLA, INC.",2018-12-31,0.42
TSLA,"TESLA, INC.",2019-06-30,0.56
TSLA,"TESLA, INC.",2019-09-30,16.14
TSLA,"TESLA, INC.",2019-12-31,23.05
TSLA,"TESLA, INC.",2020-03-31,2.32
TSLA,"TESLA, INC.",2020-06-30,0.66
TSLA,"TESLA, INC.",2020-09-30,8.77
TSLA,"TESLA, INC.",2020-12-31,6.66
TSLA,"TESLA, INC.",2021-03-31,0.89
TSLA,"TESLA, INC.",2021-06-30,0.8
TSLA,"TESLA, INC.",2021-09-30,13.76
TSLA,"TESLA, INC.",2021-12-31,1.64
TSLA,"TESLA, INC.",2022-03-31,18.14
TSLA,"TESLA, INC.",2022-06-30,1.48
TSLA,"TESLA, INC.",2022-09-30,1.12
TSLA,"TESLA, INC.",2022-12-31,81.46
TSLA,"TESLA, INC.",2023-03-31,23.33
TSLA,"TESLA, INC.",2023-06-30,23.42
TSLA,"TESLA, INC.",2023-09-30,0.49
TSLA,"TESLA, INC.",2023-12-31,0.52
TSLA,"TESLA, INC.",2024-03-31,21.3
TSLA,"TESLA, INC.",2024-06-30,2.87
TSLA,"TESLA, INC.",2024-09-30,0.45
TSLA,"TESLA, INC.",2024-12-31,0.52
TSLA,"TESLA, INC.",2025-03-31,13.97
TSLA,"TESLA, INC.",2025-06-30,0.44
TSLA,"TESLA, INC.",2025-09-30,0.13
TSLA,"TESLA, INC.",2025-12-31,92.61
TSLA,"TESLA, INC.",2026-03-31,0.09
UBER,"UBER TECHNOLOGIES, INC",2017-12-31,1.16
UBER,"UBER TECHNOLOGIES, INC",2018-12-31,9.29
UBER,"UBER TECHNOLOGIES, INC",2019-03-31,3.1
UBER,"UBER TECHNOLOGIES, INC",2019-06-30,1.97
UBER,"UBER TECHNOLOGIES, INC",2019-09-30,1.39
UBER,"UBER TECHNOLOGIES, INC",2019-12-31,10.74
UBER,"UBER TECHNOLOGIES, INC",2020-03-31,0.06
UBER,"UBER TECHNOLOGIES, INC",2020-06-30,5.78
UBER,"UBER TECHNOLOGIES, INC",2020-09-30,4.62
UBER,"UBER TECHNOLOGIES, INC",2020-12-31,5.06
UBER,"UBER TECHNOLOGIES, INC",2021-03-31,0.3
UBER,"UBER TECHNOLOGIES, INC",2021-06-30,0.65
UBER,"UBER TECHNOLOGIES, INC",2021-09-30,1.06
UBER,"UBER TECHNOLOGIES, INC",2021-12-31,0.68
UBER,"UBER TECHNOLOGIES, INC",2022-03-31,4.2
UBER,"UBER TECHNOLOGIES, INC",2022-06-30,5.2
UBER,"UBER TECHNOLOGIES, INC",2022-09-30,3.82
UBER,"UBER TECHNOLOGIES, INC",2022-12-31,6.94
UBER,"UBER TECHNOLOGIES, INC",2023-03-31,3.09
UBER,"UBER TECHNOLOGIES, INC",2023-06-30,0.63
UBER,"UBER TECHNOLOGIES, INC",2023-09-30,2.56
UBER,"UBER TECHNOLOGIES, INC",2023-12-31,4.43
UBER,"UBER TECHNOLOGIES, INC",2024-03-31,5.63
UBER,"UBER TECHNOLOGIES, INC",2024-06-30,20.83
UBER,"UBER TECHNOLOGIES, INC",2024-09-30,1.31
UBER,"UBER TECHNOLOGIES, INC",2024-12-31,5.14
UBER,"UBER TECHNOLOGIES, INC",2025-03-31,6.22
UBER,"UBER TECHNOLOGIES, INC",2025-06-30,4.1
UBER,"UBER TECHNOLOGIES, INC",2025-09-30,11.61
UBER,"UBER TECHNOLOGIES, INC",2026-03-31,7.13
UNH,UNITEDHEALTH GROUP INC,2018-03-31,55.19
UNH,UNITEDHEALTH GROUP INC,2018-06-30,56.09
UNH,UNITEDHEALTH GROUP INC,2018-09-30,56.56
UNH,UNITEDHEALTH GROUP INC,2018-12-31,224.87
UNH,UNITEDHEALTH GROUP INC,2019-03-31,60.31
UNH,UNITEDHEALTH GROUP INC,2019-09-30,144.69
UNH,UNITEDHEALTH GROUP INC,2019-12-31,112.95
UNH,UNITEDHEALTH GROUP INC,2020-06-30,12.86
UNH,UNITEDHEALTH GROUP INC,2020-09-30,2.72
UNH,UNITEDHEALTH GROUP INC,2020-12-31,200.88
UNH,UNITEDHEALTH GROUP INC,2021-09-30,25.48
UNH,UNITEDHEALTH GROUP INC,2021-12-31,285.27
UNH,UNITEDHEALTH GROUP INC,2022-03-31,6.37
UNH,UNITEDHEALTH GROUP INC,2022-06-30,18.73
UNH,UNITEDHEALTH GROUP INC,2022-09-30,9.15
UNH,UNITEDHEALTH GROUP INC,2022-12-31,9.29
UNH,UNITEDHEALTH GROUP INC,2023-03-31,10.27
UNH,UNITEDHEALTH GROUP INC,2023-06-30,1.05
UNH,UNITEDHEALTH GROUP INC,2023-09-30,277.2
UNH,UNITEDHEALTH GROUP INC,2023-12-31,10.9
UNH,UNITEDHEALTH GROUP INC,2024-03-31,6.36
UNH,UNITEDHEALTH GROUP INC,2024-06-30,19.82
UNH,UNITEDHEALTH GROUP INC,2024-09-30,7.34
UNH,UNITEDHEALTH GROUP INC,2024-12-31,50.23
UNH,UNITEDHEALTH GROUP INC,2025-03-31,15.91
UNH,UNITEDHEALTH GROUP INC,2025-06-30,86.1
UNH,UNITEDHEALTH GROUP INC,2025-09-30,39.68
UNH,UNITEDHEALTH GROUP INC,2025-12-31,4.75
UNH,UNITEDHEALTH GROUP INC,2026-03-31,110.59
V,"GRUPO TELEVISA, S.A.B.",2017-12-31,1.07
V,"GRUPO TELEVISA, S.A.B.",2018-12-31,2.68
V,"GRUPO TELEVISA, S.A.B.",2019-12-31,13.37
V,"GRUPO TELEVISA, S.A.B.",2020-12-31,97.36
V,"GRUPO TELEVISA, S.A.B.",2022-12-31,76.09
V,"GRUPO TELEVISA, S.A.B.",2023-12-31,4.69
V,"GRUPO TELEVISA, S.A.B.",2024-01-31,0.44
V,"GRUPO TELEVISA, S.A.B.",2024-12-31,14.63
V,"GRUPO TELEVISA, S.A.B.",2025-12-31,4.83
VZ,VERIZON COMMUNICATIONS INC,2018-12-31,121.3
VZ,VERIZON COMMUNICATIONS INC,2019-03-31,1.67
VZ,VERIZON COMMUNICATIONS INC,2019-06-30,8.07
VZ,VERIZON COMMUNICATIONS INC,2019-09-30,30.59
VZ,VERIZON COMMUNICATIONS INC,2019-12-31,91.06
VZ,VERIZON COMMUNICATIONS INC,2020-03-31,0.06
VZ,VERIZON COMMUNICATIONS INC,2020-06-30,1.52
VZ,VERIZON COMMUNICATIONS INC,2020-09-30,1.64
VZ,VERIZON COMMUNICATIONS INC,2020-12-31,10.4
VZ,VERIZON COMMUNICATIONS INC,2021-03-31,4.19
VZ,VERIZON COMMUNICATIONS INC,2021-06-30,8.93
VZ,VERIZON COMMUNICATIONS INC,2021-09-30,1.85
VZ,VERIZON COMMUNICATIONS INC,2021-12-31,7.57
VZ,VERIZON COMMUNICATIONS INC,2022-03-31,18.34
VZ,VERIZON COMMUNICATIONS INC,2022-06-30,50.8
VZ,VERIZON COMMUNICATIONS INC,2022-09-30,1.0
VZ,VERIZON COMMUNICATIONS INC,2022-12-31,27.21
VZ,VERIZON COMMUNICATIONS INC,2023-03-31,0.6
VZ,VERIZON COMMUNICATIONS INC,2023-06-30,7.57
VZ,VERIZON COMMUNICATIONS INC,2023-09-30,57.33
VZ,VERIZON COMMUNICATIONS INC,2023-12-31,2.31
VZ,VERIZON COMMUNICATIONS INC,2024-03-31,20.23
VZ,VERIZON COMMUNICATIONS INC,2024-06-30,1.7
VZ,VERIZON COMMUNICATIONS INC,2024-09-30,25.3
VZ,VERIZON COMMUNICATIONS INC,2024-12-31,19.6
VZ,VERIZON COMMUNICATIONS INC,2025-03-31,3.46
VZ,VERIZON COMMUNICATIONS INC,2025-06-30,0.49
VZ,VERIZON COMMUNICATIONS INC,2025-09-30,14.67
VZ,VERIZON COMMUNICATIONS INC,2025-12-31,21.78
VZ,VERIZON COMMUNICATIONS INC,2026-03-31,20.6
WFC,WELLS FARGO & COMPANY/MN,2018-12-31,3316.0
WFC,WELLS FARGO & COMPANY/MN,2019-09-30,510.0
WFC,WELLS FARGO & COMPANY/MN,2019-12-31,85.0
WFC,WELLS FARGO & COMPANY/MN,2020-03-31,275.0
WFC,WELLS FARGO & COMPANY/MN,2020-06-30,3351.0
WFC,WELLS FARGO & COMPANY/MN,2020-09-30,85.0
WFC,WELLS FARGO & COMPANY/MN,2021-03-31,423.0
WFC,WELLS FARGO & COMPANY/MN,2021-06-30,642.0
WFC,WELLS FARGO & COMPANY/MN,2021-09-30,1236.0
WFC,WELLS FARGO & COMPANY/MN,2021-12-31,53.0
WFC,WELLS FARGO & COMPANY/MN,2022-03-31,462.0
WFC,WELLS FARGO & COMPANY/MN,2022-06-30,2346.0
WFC,WELLS FARGO & COMPANY/MN,2022-09-30,25.0
WFC,WELLS FARGO & COMPANY/MN,2022-12-31,224.0
WFC,WELLS FARGO & COMPANY/MN,2023-03-31,18.0
WFC,WELLS FARGO & COMPANY/MN,2023-06-30,2.0
WFC,WELLS FARGO & COMPANY/MN,2023-09-30,545.0
WFC,WELLS FARGO & COMPANY/MN,2023-12-31,1649.0
WFC,WELLS FARGO & COMPANY/MN,2024-03-31,17.0
WFC,WELLS FARGO & COMPANY/MN,2024-06-30,1.0
WFC,WELLS FARGO & COMPANY/MN,2024-09-30,877.0
WFC,WELLS FARGO & COMPANY/MN,2024-12-31,4.0
WFC,WELLS FARGO & COMPANY/MN,2025-03-31,335.0
WFC,WELLS FARGO & COMPANY/MN,2025-06-30,700.0
WFC,WELLS FARGO & COMPANY/MN,2025-09-30,1602.0
WFC,WELLS FARGO & COMPANY/MN,2025-12-31,3027.0
WFC,WELLS FARGO & COMPANY/MN,2026-03-31,244.0
WMT,WALMART INC.,2018-01-31,318.48
WMT,WALMART INC.,2018-04-30,121.63
WMT,WALMART INC.,2018-07-31,128.03
WMT,WALMART INC.,2018-10-31,123.9
WMT,WALMART INC.,2019-01-31,392.26
WMT,WALMART INC.,2019-04-30,7.08
WMT,WALMART INC.,2019-07-31,85.2
WMT,WALMART INC.,2019-10-31,127.99
WMT,WALMART INC.,2020-01-31,108.69
WMT,WALMART INC.,2020-04-30,6.48
WMT,WALMART INC.,2020-07-31,272.36
WMT,WALMART INC.,2020-10-31,29.1
WMT,WALMART INC.,2021-01-31,121.36
WMT,WALMART INC.,2021-04-30,27.3
WMT,WALMART INC.,2021-07-31,16.99
WMT,WALMART INC.,2021-10-31,33.6
WMT,WALMART INC.,2022-01-31,35.96
WMT,WALMART INC.,2022-04-30,1.87
WMT,WALMART INC.,2022-07-31,4.6
WMT,WALMART INC.,2022-10-31,1.08
WMT,WALMART INC.,2023-01-31,102.6
WMT,WALMART INC.,2023-04-30,5.14
WMT,WALMART INC.,2023-07-31,4.7
WMT,WALMART INC.,2023-10-31,81.42
WMT,WALMART INC.,2024-01-31,86.18
WMT,WALMART INC.,2024-04-30,159.94
WMT,WALMART INC.,2024-07-31,327.7
WMT,WALMART INC.,2024-10-31,169.59
WMT,WALMART INC.,2025-01-31,674.54
WMT,WALMART INC.,2025-04-30,112.16
WMT,WALMART INC.,2025-07-31,54.73
WMT,WALMART INC.,2025-10-31,2.55
WMT,WALMART INC.,2026-01-31,23.72
WMT,WALMART INC.,2026-04-30,118.1
XOM,EXXON MOBIL CORP,2017-12-31,16.61
XOM,EXXON MOBIL CORP,2018-12-31,20.2
XOM,EXXON MOBIL CORP,2019-03-31,61.65
XOM,EXXON MOBIL CORP,2019-06-30,10.2
XOM,EXXON MOBIL CORP,2019-09-30,65.05
XOM,EXXON MOBIL CORP,2019-12-31,89.61
XOM,EXXON MOBIL CORP,2020-03-31,3.8
XOM,EXXON MOBIL CORP,2020-06-30,4.59
XOM,EXXON MOBIL CORP,2020-12-31,11.06
XOM,EXXON MOBIL CORP,2021-06-30,60.51
XOM,EXXON MOBIL CORP,2021-09-30,11.46
XOM,EXXON MOBIL CORP,2021-12-31,15.03
XOM,EXXON MOBIL CORP,2022-03-31,43.61
XOM,EXXON MOBIL CORP,2022-06-30,3.96
XOM,EXXON MOBIL CORP,2022-09-30,22.21
XOM,EXXON MOBIL CORP,2022-12-31,117.82
XOM,EXXON MOBIL CORP,2023-03-31,3.48
XOM,EXXON MOBIL CORP,2023-06-30,6.82
XOM,EXXON MOBIL CORP,2023-09-30,7.27
XOM,EXXON MOBIL CORP,2023-12-31,16.07
XOM,EXXON MOBIL CORP,2024-03-31,5.16
XOM,EXXON MOBIL CORP,2024-06-30,3.51
XOM,EXXON MOBIL CORP,2024-09-30,51.49
XOM,EXXON MOBIL CORP,2024-12-31,0.62
XOM,EXXON MOBIL CORP,2025-06-30,0.03
XOM,EXXON MOBIL CORP,2025-12-31,5.5
XOM,EXXON MOBIL CORP,2026-03-31,83.16
